timestamp_ms,inference_ms,fps,detections,convert_ms,rotate_ms,letterbox_ms,infer_ms,parse_ms
1787770099591,670.2,0.0,1,6.22,14.59,1.21,645.14,3.04
1787770099937,308.4,2.9,1,9.57,23.55,0.56,271.74,2.96
1787770100604,639.9,1.97,1,8.79,32.86,0.77,595.09,2.33
1787770100941,336.1,2.22,1,7.02,25.47,0.36,297.23,6.05
1787770101636,683.9,1.96,1,6.14,24.34,1.11,649.75,2.56
1787770102033,376.7,2.05,1,8.89,32.62,0.48,330.52,4.18
1787770102729,669.8,1.91,1,10.91,29.22,1.23,625.71,2.73
1787770103126,377.0,1.98,1,11.53,34.34,0.7,327.39,3.07
1787770103937,752.2,1.84,1,12.71,39.98,0.93,695.26,3.29
1787770104337,368.5,1.9,1,12.85,31.97,0.71,320.19,2.77
1787770105095,740.2,1.82,1,8.84,39.84,1.2,682.68,7.57
1787770105489,361.9,1.87,1,18.94,35.83,0.71,303.82,2.6
1787770106284,732.9,1.79,1,8.46,27.2,1.2,693.1,2.88
1787770106674,339.7,1.84,1,15.31,41.93,0.52,279.28,2.65
1787770107377,695.8,1.8,1,11.71,27.36,0.91,653.29,2.55
1787770107770,373.8,1.83,1,14.76,26.41,0.7,329.43,2.5
1787770108501,704.4,1.8,1,6.18,29.08,1.16,663.83,4.1
1787770108877,357.0,1.83,3,11.87,29.86,0.49,312.12,2.66
1787770109608,709.7,1.8,2,8.32,42.79,0.92,654.85,2.77
1787770109966,345.9,1.83,0,9.74,20.37,0.45,312.39,2.95
1787770110689,698.6,1.8,2,19.84,51.03,0.95,622.56,4.15
1787770111042,352.0,1.83,2,8.58,29.77,0.5,310.33,2.83
1787770111780,716.5,1.8,2,9.6,28.83,0.94,673.94,3.14
1787770112134,338.4,1.83,2,9.81,29.81,0.48,295.88,2.46
1787770112916,753.9,1.8,2,19.02,43.11,1.17,687.74,2.8
1787770113295,370.9,1.82,2,8.61,32.82,0.49,322.74,6.21
1787770114028,704.9,1.8,1,14.51,39.79,0.99,646.76,2.77
1787770114415,359.6,1.82,1,9.34,29.6,0.53,317.55,2.54
1787770115122,701.2,1.8,1,6.22,25.5,1.27,665.24,2.97
1787770115525,370.3,1.82,1,15.53,28.86,0.73,322.36,2.77
1787770116273,716.8,1.8,1,15.88,30.18,1.21,666.57,2.91
1787770116701,400.3,1.79,1,11.32,26.2,0.7,359.24,2.77
1787770117442,732.2,1.78,1,8.26,45.49,0.98,674.66,2.77
1787770117833,375.7,1.78,1,9.05,34.26,0.69,329.11,2.55
1787770118580,726.0,1.77,1,13.66,43.34,1.21,664.06,3.73
1787770118958,371.4,1.77,1,8.88,32.13,0.72,326.75,2.91
1787770119745,755.3,1.76,0,17.14,39.8,1.0,694.84,2.48
1787770120119,362.2,1.77,0,11.23,32.58,0.46,315.21,2.71
1787770120847,689.2,1.77,0,10.17,36.98,1.14,638.41,2.48
1787770121263,370.9,1.77,0,12.7,22.59,0.61,332.51,2.5
1787770122079,782.6,1.77,1,16.83,36.53,0.93,725.57,2.72
1787770122503,422.4,1.76,0,8.72,34.17,0.45,376.17,2.89
1787770123284,776.9,1.76,0,9.99,35.49,1.07,727.8,2.49
1787770123713,385.7,1.76,0,19.05,36.85,0.73,321.6,7.41
1787770124445,710.9,1.76,1,6.55,26.73,0.94,673.66,3.04
1787770124819,368.7,1.76,1,8.92,33.66,0.47,323.22,2.39
1787770125658,804.3,1.75,2,9.25,44.58,1.1,746.44,2.92
1787770126066,377.1,1.75,2,10.04,40.84,0.73,322.16,3.29
1787770126814,730.8,1.74,0,17.15,47.83,1.15,662.12,2.48
1787770127188,358.1,1.74,1,10.67,29.05,0.43,315.15,2.82
1787770127907,712.6,1.74,1,6.22,21.23,1.2,679.94,4.03
1787770128291,366.3,1.74,2,13.0,29.68,0.71,320.02,2.87
1787770129073,752.8,1.73,0,8.42,27.63,0.94,713.12,2.67
1787770129493,388.3,1.73,6,16.38,39.91,0.44,328.59,2.92
1787770130282,772.6,1.73,6,9.21,28.5,1.22,730.72,2.92
1787770130686,375.4,1.73,7,9.61,32.82,0.45,329.61,2.89
1787770131482,762.8,1.72,5,9.33,34.59,0.93,714.73,3.25
1787770131909,389.0,1.71,5,11.53,36.56,0.74,337.53,2.66
1787770132723,778.2,1.7,5,10.13,26.13,1.17,737.85,2.92
1787770133158,408.0,1.7,3,10.04,28.36,0.42,362.58,6.54
1787770134004,842.3,1.69,3,6.96,29.21,1.21,801.13,3.74
1787770134402,385.2,1.69,1,9.08,34.81,0.76,337.37,3.21
1787770135201,780.1,1.69,2,8.82,36.22,1.54,730.22,3.31
1787770135665,454.6,1.68,1,10.63,43.36,0.71,396.37,3.53
1787770136439,754.0,1.68,2,8.53,33.25,0.97,707.83,3.39
1787770136832,378.4,1.68,1,8.44,38.68,0.48,328.23,2.52
1787770137649,797.4,1.68,1,13.96,57.71,0.93,721.49,3.31
1787770138083,414.1,1.67,1,16.76,25.66,0.47,368.39,2.79
1787770138915,803.3,1.66,1,8.68,37.97,1.11,752.75,2.73
1787770139318,378.1,1.66,1,14.16,29.4,0.49,331.45,2.54
1787770140191,847.3,1.66,1,8.27,37.53,1.21,797.44,2.81
1787770140649,432.7,1.65,1,19.92,38.85,0.69,370.6,2.58
1787770141445,766.7,1.65,2,9.4,35.11,0.92,718.06,3.2
1787770141858,385.5,1.65,1,9.49,44.51,0.83,326.95,3.69
1787770142644,762.1,1.65,1,18.98,24.7,1.21,714.44,2.76
1787770143096,419.5,1.64,1,13.9,42.45,0.7,359.85,2.56
1787770143902,789.6,1.64,0,12.21,30.39,0.99,742.9,3.12
1787770144251,346.6,1.65,0,10.01,25.26,0.51,305.52,5.25
1787770144994,728.2,1.65,0,9.96,26.09,1.19,688.01,2.89
1787770145388,386.1,1.65,0,8.49,31.37,0.7,343.04,2.5
1787770146178,772.7,1.64,0,7.96,37.2,1.01,724.07,2.4
1787770146626,417.3,1.64,0,20.3,49.62,0.71,344.13,2.5
1787770147347,709.6,1.64,0,6.57,25.89,0.94,673.46,2.75
1787770147761,396.6,1.64,0,11.89,44.27,0.71,337.32,2.35
1787770148495,734.0,1.65,0,6.02,27.7,0.95,695.5,3.78
1787770148860,357.4,1.65,0,8.6,33.5,0.52,312.37,2.41
1787770149648,759.0,1.65,1,10.95,30.16,0.89,714.31,2.63
1787770150055,378.9,1.65,2,10.41,45.04,0.7,320.15,2.58
1787770150825,754.2,1.66,1,9.03,40.16,1.11,701.24,2.67
1787770151227,391.7,1.66,1,8.58,32.02,1.53,346.8,2.77
1787770151975,739.1,1.67,1,6.05,29.65,1.05,697.96,4.36
1787770152401,384.5,1.67,1,10.76,38.98,0.45,330.56,3.78
1787770153165,749.9,1.67,1,13.47,33.42,0.92,699.33,2.79
1787770153593,385.4,1.67,1,11.09,33.03,4.01,334.75,2.51
1787770154343,738.7,1.68,3,12.28,32.56,0.9,690.07,2.85
1787770154759,385.7,1.67,2,10.97,38.87,0.59,332.82,2.43
1787770155499,721.4,1.68,2,10.63,38.81,1.16,668.04,2.78
1787770155846,342.7,1.69,1,10.81,28.35,0.52,299.97,3.06
1787770156659,812.0,1.69,1,9.7,25.06,0.95,773.54,2.77
1787770157132,461.2,1.68,2,9.51,34.08,0.51,413.76,3.32
1787770157943,796.4,1.69,2,6.98,52.35,1.23,732.98,2.86
1787770158358,390.0,1.69,3,15.06,38.92,0.78,332.18,3.08
1787770159091,728.1,1.7,2,14.26,34.34,1.06,675.17,3.2
1787770159520,411.0,1.7,1,8.87,32.53,0.5,365.01,4.06
1787770160337,800.3,1.7,1,8.91,36.87,1.04,746.79,6.67
1787770160772,382.6,1.7,1,8.91,25.48,0.75,344.59,2.86
1787770161601,779.8,1.7,1,12.91,31.66,0.96,731.28,2.99
1787770162054,412.3,1.69,0,13.7,44.28,0.5,351.09,2.76
1787770162842,773.6,1.68,0,10.59,38.07,1.25,720.36,3.26
1787770163262,400.8,1.68,2,16.16,37.22,0.75,342.46,4.22
1787770164065,781.3,1.68,1,6.68,47.53,0.97,723.08,3.0
1787770164490,396.1,1.68,1,12.08,36.85,0.79,343.3,3.02
1787770165285,785.9,1.67,1,9.55,38.53,0.93,734.1,2.78
1787770165664,364.3,1.68,0,12.27,34.3,0.5,314.38,2.83
1787770166523,805.8,1.66,1,16.97,34.43,0.98,750.06,3.37
1787770166911,383.0,1.66,1,11.47,30.31,0.56,337.86,2.81
1787770167746,809.8,1.66,1,10.13,41.44,1.4,753.62,3.17
1787770168179,419.8,1.66,1,9.51,33.84,0.51,373.23,2.72
1787770168983,791.6,1.65,0,12.19,40.31,1.14,734.44,3.53
1787770169425,419.4,1.65,0,13.06,40.7,0.77,362.19,2.67
1787770170241,815.3,1.64,0,6.74,21.21,1.06,783.5,2.77
1787770170710,442.7,1.64,1,15.75,36.87,0.8,386.58,2.68
1787770171559,821.0,1.63,1,16.59,31.36,1.33,768.71,2.95
1787770172005,435.7,1.63,2,9.9,36.89,0.49,385.88,2.58
1787770172907,867.3,1.62,3,20.5,52.5,1.67,788.36,4.22
1787770173327,406.3,1.62,1,21.31,36.42,0.54,345.29,2.72
1787770174196,826.7,1.6,1,14.46,42.44,1.59,765.1,3.12
1787770174685,474.9,1.59,1,14.74,38.3,0.52,418.46,2.82
1787770175542,838.6,1.59,0,6.88,32.51,0.99,794.4,3.77
1787770175995,425.7,1.59,0,12.54,42.69,0.8,363.96,5.74
1787770176785,786.2,1.59,1,6.84,21.45,1.04,753.89,2.97
1787770177196,388.6,1.59,1,16.35,28.24,0.53,340.78,2.73
1787770177934,736.7,1.59,1,6.74,25.64,1.08,699.5,3.68
1787770178358,394.2,1.59,1,10.0,34.65,0.56,346.21,2.75
1787770179151,756.1,1.59,0,9.89,42.1,1.35,698.01,4.71
1787770179539,375.2,1.6,0,12.37,33.09,0.52,326.0,3.19
1787770180409,839.1,1.6,2,18.6,51.31,1.09,764.79,3.28
1787770180836,404.2,1.6,2,13.47,35.1,0.49,352.45,2.73
1787770181654,790.8,1.59,2,18.89,51.61,1.15,715.08,4.01
1787770182049,382.9,1.6,2,9.49,33.29,0.5,335.47,4.13
1787770182892,809.9,1.59,2,16.6,40.62,1.32,746.72,4.62
1787770183318,419.0,1.59,1,12.47,30.29,0.52,372.34,3.35
1787770184111,787.0,1.59,1,8.53,23.96,1.06,750.58,2.81
1787770184518,394.5,1.59,2,12.07,26.58,0.8,352.15,2.87
1787770185312,771.1,1.6,2,10.47,26.87,1.3,728.21,4.21
1787770185695,377.8,1.6,2,10.13,34.87,0.52,329.36,2.9
1787770186586,866.9,1.59,1,12.9,47.22,1.41,802.28,3.05
1787770186946,354.1,1.6,1,10.1,33.03,0.49,307.43,3.05
1787770187776,821.7,1.6,1,9.22,44.17,1.09,764.09,3.08
1787770188190,402.7,1.6,1,15.44,24.81,0.56,359.2,2.71
1787770188982,762.7,1.6,1,9.77,41.35,1.3,707.24,3.04
1787770189387,392.3,1.61,1,11.87,32.43,0.83,344.18,2.98
1787770190262,824.3,1.6,1,15.62,43.58,1.01,761.25,2.84
1787770190710,412.6,1.6,0,16.42,27.32,0.83,362.69,5.33
1787770191526,807.9,1.61,2,10.25,27.43,1.02,766.07,3.09
1787770191920,359.0,1.61,0,10.55,29.98,0.51,314.88,3.09
1787770192717,795.2,1.62,0,6.9,39.98,1.06,744.16,3.05
1787770193175,447.5,1.62,0,10.2,40.77,0.77,393.2,2.59
1787770193961,773.9,1.63,0,13.04,44.03,1.06,712.89,2.84
1787770194424,436.4,1.63,0,17.9,53.83,0.55,361.3,2.79
1787770195262,800.5,1.62,1,12.83,28.27,1.33,755.04,3.04
1787770195702,412.1,1.62,1,12.16,30.37,0.52,366.14,2.86
1787770196571,855.8,1.61,1,9.54,31.59,1.32,810.41,2.87
1787770197025,447.0,1.61,1,13.75,25.38,0.51,403.59,3.75
1787770197846,794.3,1.6,0,10.64,37.05,1.35,742.12,3.14
1787770198349,451.5,1.59,0,15.17,28.82,0.8,403.4,3.25
1787770199176,792.4,1.6,0,6.99,29.83,1.08,751.72,2.74
1787770199590,402.6,1.6,0,10.21,27.28,0.51,361.88,2.69
1787770200485,862.8,1.59,1,9.4,35.77,1.63,811.49,4.44
1787770200918,431.1,1.59,1,9.53,35.54,0.55,382.62,2.79
1787770201899,932.3,1.58,1,17.31,32.23,1.03,878.14,3.6
1787770202373,451.3,1.57,1,12.51,43.51,0.81,391.59,2.82
1787770203276,890.3,1.57,1,12.65,42.53,1.34,830.66,3.11
1787770203700,417.6,1.56,1,11.83,29.22,0.57,373.04,2.9
1787770204601,886.9,1.56,2,20.15,30.04,1.02,832.24,3.43
1787770205036,416.6,1.55,1,9.7,32.78,0.6,370.44,3.01
1787770205898,825.5,1.55,1,8.14,45.59,1.3,767.58,2.9
1787770206368,448.2,1.54,2,15.04,44.43,0.85,385.27,2.62
1787770207235,848.9,1.54,1,11.48,34.19,1.02,794.74,7.48
1787770207683,436.8,1.54,1,12.53,28.25,0.6,391.32,4.06
1787770208634,904.0,1.53,1,9.54,42.61,1.32,847.01,3.5
1787770209063,415.3,1.52,2,13.29,29.93,0.53,368.74,2.76
1787770209931,842.3,1.53,1,10.21,46.83,2.3,780.01,2.93
1787770210380,428.5,1.53,0,10.38,31.51,0.64,382.19,3.79
1787770211245,862.5,1.52,1,12.41,33.89,0.99,811.67,3.55
1787770211671,424.5,1.52,1,10.51,33.33,0.54,375.2,4.85
1787770212533,848.9,1.51,1,10.28,35.11,1.89,795.96,5.67
1787770212962,410.9,1.52,1,11.42,41.06,0.81,354.78,2.8
1787770213834,844.2,1.51,1,11.4,52.46,1.38,775.25,3.68
1787770214299,449.3,1.51,0,11.3,34.13,0.82,400.02,3.0
1787770215169,846.2,1.51,0,6.93,44.28,1.37,789.79,3.77
1787770215588,408.6,1.51,1,9.91,29.04,0.47,363.74,5.39
1787770216494,882.6,1.51,1,12.81,40.6,1.12,825.13,2.92
1787770216934,426.0,1.51,1,13.74,44.94,0.8,363.45,3.05
1787770217824,874.0,1.5,1,8.87,48.86,1.36,811.73,3.13
1787770218290,447.9,1.5,1,15.15,43.77,0.75,385.15,3.03
1787770219138,824.2,1.5,3,8.59,41.05,1.09,770.48,2.98
1787770219609,458.4,1.5,3,10.47,31.24,0.55,411.22,4.94
1787770220453,842.7,1.5,3,12.07,37.51,1.02,789.2,2.9
1787770220932,449.6,1.5,3,9.94,33.69,0.5,402.65,2.85
1787770221845,886.2,1.5,1,14.1,22.84,1.06,845.14,3.02
1787770222346,455.3,1.5,0,9.88,29.59,0.5,412.59,2.77
1787770223238,862.0,1.5,0,6.85,29.45,1.01,821.68,2.96
1787770223676,423.3,1.5,1,10.27,40.36,0.81,364.61,7.24
1787770224512,824.2,1.51,1,7.12,38.4,1.08,774.67,2.88
1787770224932,413.7,1.51,1,9.83,41.19,0.75,359.22,2.69
1787770225758,814.0,1.51,1,14.0,37.57,0.99,752.19,9.19
1787770226203,430.5,1.51,2,14.2,37.12,0.51,375.78,2.85
1787770227148,926.8,1.51,2,9.26,63.79,1.08,849.25,3.43
1787770227657,478.2,1.5,0,18.84,35.67,0.54,416.99,6.11
1787770228610,928.7,1.5,0,13.84,50.32,1.14,857.64,5.7
1787770229107,461.0,1.5,0,17.6,37.13,0.58,402.87,2.77
1787770230029,913.6,1.49,0,9.12,39.52,1.51,855.35,8.1
1787770230523,479.4,1.49,0,10.47,27.44,0.61,437.46,3.38
1787770231460,914.9,1.48,0,7.97,47.58,1.42,848.85,9.03
1787770231946,475.4,1.48,0,16.93,30.01,0.56,424.42,3.46
1787770232890,914.9,1.47,1,7.38,30.67,9.2,864.35,3.22
1787770233403,490.9,1.47,1,11.36,30.74,0.51,445.37,2.88
1787770234311,906.8,1.47,1,8.42,39.53,1.06,851.0,6.81
1787770234763,428.9,1.47,1,15.87,28.98,0.51,380.69,2.89
1787770235677,889.6,1.46,0,9.98,48.27,1.05,821.53,8.71
1787770236183,468.2,1.46,0,20.43,44.64,0.84,399.13,3.1
1787770237090,884.3,1.46,0,12.12,27.5,1.16,839.66,3.82
1787770237594,488.7,1.45,0,16.49,41.61,0.99,426.54,3.0
1787770238681,1060.0,1.44,1,7.7,37.68,1.17,1010.06,3.37
1787770239240,530.9,1.43,0,13.64,39.77,0.94,473.03,3.49
1787770240231,949.9,1.42,0,13.44,49.36,1.15,882.36,3.6
1787770240737,492.7,1.42,2,11.09,37.9,0.63,438.47,4.58
1787770241680,921.1,1.41,1,12.94,38.48,1.13,865.31,3.24
1787770242169,460.4,1.41,1,15.06,32.08,0.61,409.44,3.23
1787770243142,914.4,1.41,0,7.67,46.76,1.27,855.21,3.47
1787770243654,498.8,1.41,0,13.2,34.3,0.56,446.6,4.09
1787770244561,904.0,1.41,0,11.9,23.07,1.19,864.36,3.49
1787770245099,511.0,1.4,0,17.78,37.6,0.56,451.86,3.14
1787770246108,1008.0,1.39,1,11.71,30.46,1.17,959.75,4.88
1787770246629,487.7,1.38,1,11.28,34.92,0.56,437.4,3.48
1787770247612,981.6,1.37,1,7.61,43.22,1.16,925.94,3.65
1787770248117,497.1,1.37,0,13.32,28.19,0.54,451.3,3.78
1787770249100,967.5,1.37,2,16.5,37.15,4.21,905.17,3.46
1787770249609,483.1,1.37,1,14.59,38.81,0.57,425.81,3.29
1787770250594,972.0,1.36,1,7.7,47.26,1.49,911.91,3.58
1787770251068,435.3,1.37,1,19.79,27.28,0.6,384.24,3.39
1787770252108,1011.4,1.36,0,7.56,60.02,1.2,939.22,3.36
1787770252632,513.2,1.36,1,12.07,38.28,0.55,458.55,3.78
1787770253553,920.2,1.36,2,11.61,36.37,1.07,867.85,3.29
1787770254072,484.1,1.36,0,12.51,37.06,0.57,427.05,6.88
1787770255069,980.3,1.35,1,12.58,25.68,1.15,936.78,4.11
1787770255543,463.4,1.36,1,16.48,32.41,0.61,409.94,3.99
1787770256548,996.6,1.35,1,12.77,39.25,1.16,938.77,4.61
1787770257037,484.9,1.35,1,10.96,32.45,0.62,437.74,3.1
1787770258010,963.2,1.34,1,8.91,27.36,1.27,922.08,3.58
1787770258473,451.5,1.35,1,11.55,35.16,0.57,401.36,2.86
1787770259429,942.3,1.34,0,15.66,41.66,1.14,877.98,5.83
1787770259907,452.1,1.34,0,11.85,37.46,0.58,398.32,3.93
1787770260890,951.5,1.35,1,12.2,53.95,1.15,880.68,3.5
1787770261529,570.3,1.35,1,12.1,51.44,0.92,500.91,4.91
1787770262534,974.7,1.35,1,11.37,48.25,1.13,910.57,3.4
1787770263088,522.6,1.34,2,18.77,39.59,0.6,460.11,3.5
1787770264079,953.9,1.34,2,13.49,41.54,1.18,894.06,3.6
1787770264606,514.7,1.34,2,13.37,46.94,0.61,450.0,3.76
1787770265608,977.2,1.34,1,15.32,50.63,1.46,906.38,3.42
1787770266114,494.1,1.34,1,13.86,48.47,0.91,427.63,3.25
1787770267089,973.9,1.33,2,13.79,33.84,1.09,920.92,4.22
1787770267567,476.9,1.34,2,11.54,45.93,0.95,415.15,3.35
1787770268569,976.4,1.34,1,11.57,51.88,1.14,908.57,3.22
1787770269068,476.5,1.34,1,11.66,36.61,0.59,424.02,3.63
